payment_id,order_id,payment_date,payment_status
3001,5001,2024-01-17,Payment Successed
3002,5002,2024-01-17,Payment Successed
3003,5003,2024-01-17,Payment Successed
3004,5004,2024-01-17,Payment Successed
3005,5005,2024-01-17,Payment Successed
3006,5006,2024-01-22,Payment Successed
3007,5007,2024-01-22,Payment Successed
3008,5008,2024-01-22,Payment Successed
3009,5009,2024-01-22,Payment Successed
3010,5010,2024-02-07,Payment Failed
3011,5011,2024-02-07,Payment Successed
3012,5012,2024-02-07,Payment Successed
3013,5013,2024-02-07,Payment Successed
3014,5014,2024-02-07,Payment Successed
3015,5015,2024-02-07,Payment Successed
3016,5016,2024-02-16,Payment Successed
3017,5017,2024-02-16,Payment Successed
3018,5018,2024-02-16,Payment Successed
3019,5019,2024-03-03,Payment Successed
3020,5020,2024-03-03,Payment Successed
3021,5021,2024-03-03,Payment Successed
3022,5022,2024-03-03,Payment Successed
3023,5023,2024-03-03,Payment Successed
3024,5024,2024-03-03,Payment Successed
3025,5025,2024-03-12,Payment Successed
3026,5026,2024-03-12,Payment Successed
3027,5027,2024-03-12,Payment Successed
3028,5028,2024-03-12,Payment Successed
3029,5029,2024-04-03,Payment Successed
3030,5030,2024-04-03,Payment Failed
3031,5031,2024-04-03,Payment Successed
3032,5032,2024-04-03,Payment Successed
3033,5033,2024-04-03,Payment Successed
3034,5034,2024-04-25,Payment Successed
3035,5035,2024-04-17,Payment Successed
3036,5036,2024-04-17,Payment Successed
3037,5037,2024-04-22,Payment Successed
3038,5038,2024-04-22,Payment Successed
3039,5039,2024-04-22,Payment Successed
3040,5040,2024-04-22,Payment Successed
3041,5041,2024-04-22,Payment Successed
3042,5042,2024-04-22,Payment Successed
3043,5043,2024-05-07,Payment Successed
3044,5044,2024-05-07,Payment Successed
3045,5045,2024-05-07,Payment Successed
3046,5046,2024-05-17,Payment Successed
3047,5047,2024-05-07,Payment Successed
3048,5048,2024-05-07,Payment Successed
3049,5049,2024-05-07,Payment Successed
3050,5050,2024-05-07,Payment Failed
3051,5051,2024-05-17,Payment Successed
3052,5052,2024-05-17,Payment Successed
3053,5053,2024-05-17,Payment Successed
3054,5054,2024-06-03,Payment Successed
3055,5055,2024-06-20,Payment Failed
3056,5056,2024-06-20,Payment Successed
3057,5057,2024-06-20,Payment Successed
3058,5058,2024-06-20,Payment Successed
3059,5059,2024-06-20,Payment Successed
3060,5060,2024-07-06,Payment Failed
3061,5061,2024-07-06,Payment Successed
3062,5062,2024-07-06,Payment Successed
3063,5063,2024-07-06,Payment Successed
3064,5064,2024-07-24,Payment Successed
3065,5065,2024-07-24,Payment Failed
3066,5066,2024-07-24,Payment Successed
3067,5067,2024-07-24,Payment Successed
3068,5068,2024-07-24,Payment Successed
3069,5069,2024-07-24,Payment Successed
3070,5070,2024-07-29,Payment Failed
3071,5071,2024-07-24,Payment Successed
3072,5072,2024-07-24,Payment Successed
3073,5073,2024-07-24,Payment Successed
3074,5074,2024-08-04,Payment Successed
3075,5075,2024-08-04,Payment Successed
3076,5076,2024-08-04,Payment Successed
3077,5077,2024-08-04,Payment Successed
3078,5078,2024-08-04,Payment Successed
3079,5079,2024-08-17,Payment Successed
3080,5080,2024-08-17,Payment Failed
3081,5081,2024-08-17,Payment Successed
3082,5082,2024-08-17,Payment Successed
3083,5083,2024-08-17,Payment Successed
3084,5084,2024-08-17,Payment Successed
3085,5085,2024-08-17,Payment Successed
3086,5086,2024-08-17,Payment Successed
3087,5087,2024-08-17,Payment Successed
3088,5088,2024-08-17,Payment Successed
3089,5089,2024-08-17,Payment Successed
3090,5090,2024-09-12,Payment Failed
3091,5091,2024-09-12,Payment Successed
3092,5092,2024-09-12,Payment Successed
3093,5093,2024-09-12,Payment Successed
3094,5094,2024-09-12,Payment Successed
3095,5095,2024-09-12,Payment Successed
3096,5096,2024-09-12,Payment Successed
3097,5097,2024-11-02,Payment Successed
3098,5098,2024-11-02,Payment Successed
3099,5099,2024-11-02,Payment Successed
3100,5100,2024-11-02,Payment Failed
3101,5101,2024-11-02,Payment Successed
3102,5102,2024-11-02,Payment Successed
3103,5103,2024-11-13,Payment Successed
3104,5104,2024-11-13,Payment Successed
3105,5105,2024-11-22,Payment Failed
3106,5106,2024-11-22,Payment Successed
3107,5107,2024-11-22,Payment Successed
3108,5108,2024-12-17,Payment Successed
3109,5109,2024-12-23,Payment Successed
3110,5110,2024-12-17,Payment Failed
3111,5111,2024-12-17,Payment Successed
3112,5112,2024-12-25,Payment Successed
3113,5113,2025-01-17,Payment Successed
3114,5114,2025-01-17,Payment Successed
3115,5115,2025-01-17,Payment Successed
3116,5116,2025-01-26,Payment Successed
3117,5117,2025-01-26,Payment Successed
3118,5118,2025-01-26,Payment Successed
3119,5119,2025-01-26,Payment Successed
3120,5120,2025-02-12,Payment Failed
3121,5121,2025-02-07,Payment Successed
3122,5122,2025-02-07,Payment Successed
3123,5123,2025-02-07,Payment Successed
3124,5124,2025-02-16,Payment Successed
3125,5125,2025-02-16,Payment Successed
3126,5126,2025-03-03,Payment Successed
3127,5127,2025-03-03,Payment Successed
3128,5128,2025-03-12,Payment Successed
3129,5129,2025-03-22,Payment Successed
3130,5130,2025-03-22,Payment Successed
3131,5131,2025-04-03,Payment Successed
3132,5132,2025-04-03,Payment Successed
3133,5133,2025-04-03,Payment Successed
3134,5134,2025-04-17,Payment Successed
3135,5135,2025-04-26,Payment Successed
3136,5136,2025-04-26,Payment Successed
3137,5137,2025-05-07,Payment Successed
3138,5138,2025-05-07,Payment Successed
3139,5139,2025-05-17,Payment Successed
3140,5140,2025-05-17,Payment Failed
3141,5141,2025-05-17,Payment Successed
3142,5142,2025-05-17,Payment Successed
3143,5143,2025-06-03,Payment Successed
3144,5144,2025-06-03,Payment Successed
3145,5145,2025-06-03,Payment Successed
3146,5146,2025-06-03,Payment Successed
3147,5147,2025-06-23,Payment Successed
3148,5148,2025-06-20,Payment Successed
3149,5149,2025-06-20,Payment Successed
3150,5150,2025-06-20,Payment Successed
